<?xml version="1.0" encoding="iso-8859-1"?>
<?xml-stylesheet href="file:///D:/Nmap/nmap.xsl" type="text/xsl"?><nmaprun args="nmap -p 1-65535 192.168.128.136" profile_name="" scanner="nmap" start="1707822430" startstr="Tue Feb 13 12:07:10 2024" version="7.94" xmloutputversion="1.04"><scaninfo type="syn" protocol="tcp" numservices="65535" services="1-65535"></scaninfo><verbose level="0"></verbose><debugging level="0"></debugging><output type="interactive">Starting Nmap 7.94 ( https://nmap.org ) at 2024-02-13 12:07 Hora est�ndar romance
Note: Host seems down. If it is really up, but blocking our ping probes, try -Pn
Nmap done: 1 IP address (0 hosts up) scanned in 2.57 seconds
</output><runstats><finished time="1707822432" timestr="Tue Feb 13 12:07:12 2024"></finished><hosts up="0" down="1" total="1"></hosts></runstats></nmaprun>